locale,locale_name,storefront,primary,name,subtitle,keywords,description,category,in_app_purchases
en-GB,English (U.K.),gb,,Charady: Pass & Guess,"Tilt, guess, laugh together","charades,heads up,headbands,guess,word,party,friends,family,act it out,offline,decks,tilt,pass phone","Act it out. Guess the word. Laugh together.\n\nCharady is the ultimate forehead charades party game for friends and family. One player holds the phone up, everyone else gives clues, and you tilt to keep the round flying. Simple rules. Endless decks. Instant party energy.\n\nHOW TO PLAY\n1. Pick a deck that matches your vibe\n2. Hold the phone to your forehead so friends can see the word\n3. Friends act, describe, or mime — no saying the word\n4. Tilt down for correct, tilt up to pass\n5. Beat the clock and pass the phone to the next player\n\nWHY CHARADY\n• Classic forehead charades made for groups\n• Dozens of themed decks — movies, animals, food, brands, and more\n• Create custom decks for inside jokes and family nights\n• Offline play — no Wi-Fi required for local games\n• Quick rounds built for parties, road trips, and icebreakers\n• Clean, family-friendly word packs\n\nPerfect for game night, house parties, travel, and any room that needs more laughs. One phone. Whole group. Pure charades chaos.\n\nSupport: teamo.touch@gmail.com\n\nPrivacy Policy:\nhttps://teamo-couple.web.app/charady-privacy.html\n\nTerms of Use:\nhttps://teamo-couple.web.app/charady-terms.html",Word,Charady Weekly - £4.99 | Charady Yearly - £19.99 | Charady Lifetime - £24.99
ar-SA,Arabic,sa,,Charady: لعبة التخمين,خمّن مع الأصدقاء,"charades,heads up,تخمين,حفلة,كلمات,أصدقاء,عائلة,offline,party",مثّل. خمّن الكلمة. اضحكوا معاً.\n\nCharady هي لعبة charades النهائية على الجبهة للأصدقاء والعائلة. لاعب يمسك الهاتف على جبهته، والباقون يعطون تلميحات، وتميل للصحيح أو التخطي. قواعد بسيطة. الكثير من الباقات. طاقة حفلة فوراً.\n\nطريقة اللعب\n1. اختر باقة تناسب الأجواء\n2. أمسك الهاتف على جبهتك حتى يرى الأصدقاء الكلمة\n3. الأصدقاء يمثّلون أو يصفون — دون قول الكلمة\n4. أمل لأسفل إن صح، ولأعلى للتخطي\n5. اهزم الساعة ومرّر الهاتف\n\nلماذا CHARADY\n• Charades كلاسيكية للمجموعات\n• عشرات الباقات الموضوعية\n• أنشئ باقاتك الخاصة\n• العب دون اتصال\n• جولات سريعة للحفلات والرحلات\n• حزم كلمات مناسبة للعائلة\n\nمثالية لليلة ألعاب والمزيد من الضحك. هاتف واحد. المجموعة كلها. فوضى charades ممتعة.\n\nالدعم: teamo.touch@gmail.com\n\nسياسة الخصوصية:\nhttps://teamo-couple.web.app/charady-privacy.html\n\nشروط الاستخدام:\nhttps://teamo-couple.web.app/charady-terms.html,ألعاب كلمات,Charady Weekly - ١٩٫٩٩ ر.س.‏ | Charady Yearly - ٩٩٫٩٩ ر.س.‏ | Charady Lifetime - ١٢٩٫٩٩ ر.س.‏
bn-BD,Bangla,bd,,Charady: Friends Guess Night,Forehead charades with friends,"charades,heads up,headbands,guess,word,party,friends,family,act it out,forehead,offline,group,fun","Act it out. Guess the word. Laugh together.\n\nCharady is the ultimate forehead charades party game for friends and family. One player holds the phone up, everyone else gives clues, and you tilt to keep the round flying. Simple rules. Endless decks. Instant party energy.\n\nHOW TO PLAY\n1. Pick a deck that matches your vibe\n2. Hold the phone to your forehead so friends can see the word\n3. Friends act, describe, or mime — no saying the word\n4. Tilt down for correct, tilt up to pass\n5. Beat the clock and pass the phone to the next player\n\nWHY CHARADY\n• Classic forehead charades made for groups\n• Dozens of themed decks — movies, animals, food, brands, and more\n• Create custom decks for inside jokes and family nights\n• Offline play — no Wi-Fi required for local games\n• Quick rounds built for parties, road trips, and icebreakers\n• Clean, family-friendly word packs\n\nPerfect for game night, house parties, travel, and any room that needs more laughs. One phone. Whole group. Pure charades chaos.\n\nSupport: teamo.touch@gmail.com\n\nPrivacy Policy:\nhttps://teamo-couple.web.app/charady-privacy.html\n\nTerms of Use:\nhttps://teamo-couple.web.app/charady-terms.html",Word,Charady Weekly - $4.99 | Charady Yearly - $24.99 | Charady Lifetime - $29.99
ca,Catalan,es,,Charady: Festa d'endevinalles,Endevina amb amics,"charades,heads up,mímica,festa,paraules,amics,família,endevina,offline,party","Fes mímica. Endevina la paraula. Rieu junts.\n\nCharady és el joc definitiu de mímica al front per a amics i família. Un jugador aguanta el telèfon al front, la resta dóna pistes i tu inclines per encertar o passar. Regles senzilles. Moltíssimes baralles. Energia de festa a l'instant.\n\nCOM JUGAR\n1. Tria una baralla que encaixi\n2. Posat el telèfon al front perquè vegin la paraula\n3. Els amics fan mímica o descriuen — sense dir la paraula\n4. Inclina avall si és correcte, amunt per passar\n5. Guanya el rellotge i passa el telèfon\n\nPER QUÈ CHARADY\n• Mímica clàssica per a grups\n• Desenes de baralles temàtiques\n• Crea baralles personalitzades\n• Juga sense connexió\n• Rondes ràpides per a festes i viatges\n• Packs familiars\n\nPerfecte per a nits de jocs i més rialles. Un telèfon. Tot el grup. Caos de charades.\n\nSupport: teamo.touch@gmail.com\n\nPolítica de privacitat:\nhttps://teamo-couple.web.app/charady-privacy.html\n\nCondicions d'ús:\nhttps://teamo-couple.web.app/charady-terms.html",Paraules,"Charady Weekly - 5,99 € | Charady Yearly - 24,99 € | Charady Lifetime - 29,99 €"
zh-Hans,Chinese (Simplified),cn,,Charady: 默剧猜词派对,和朋友一起猜词,"charades,heads up,默剧,猜词,派对,朋友,家庭,额头,离线",演出来。猜单词。一起笑。\n\nCharady 是适合朋友和家人的终极额头默剧猜词派对游戏。一人把手机贴在额头上，其他人给提示，你倾斜表示正确或跳过。规则简单。大量卡组。立刻进入派对氛围。\n\n怎么玩\n1. 选择符合气氛的卡组\n2. 把手机贴在额头上，让朋友看到单词\n3. 朋友表演或描述——不要说出单词\n4. 正确向下倾斜，跳过向上倾斜\n5. 战胜计时器，把手机传给下一位\n\n为什么选 CHARADY\n• 适合团体的经典额头默剧\n• 数十个主题卡组——电影、动物、食物等\n• 创建自定义卡组\n• 可离线游玩\n• 适合派对和旅行的快速回合\n• 适合家庭的词库\n\n非常适合游戏之夜和更多笑声。一部手机。整桌朋友。纯粹的默剧狂欢。\n\n支持: teamo.touch@gmail.com\n\n隐私政策:\nhttps://teamo-couple.web.app/charady-privacy.html\n\n使用条款:\nhttps://teamo-couple.web.app/charady-terms.html,文字游戏,Charady Weekly - ¥28.00 | Charady Yearly - ¥128.00 | Charady Lifetime - ¥168.00
zh-Hant,Chinese (Traditional),tw,,Charady: 比手畫腳派對,和朋友一起猜詞,"charades,heads up,比手畫腳,猜詞,派對,朋友,家庭,額頭,離線",演出來。猜單詞。一起笑。\n\nCharady 是適合朋友和家人的終極額頭比手畫腳派對遊戲。一人把手機貼在額頭上，其他人給提示，你傾斜表示正確或跳過。規則簡單。大量卡組。立刻進入派對氛圍。\n\n怎麼玩\n1. 選擇符合氣氛的卡組\n2. 把手機貼在額頭上，讓朋友看到單詞\n3. 朋友表演或描述——不要說出單詞\n4. 正確向下傾斜，跳過向上傾斜\n5. 戰勝計時器，把手機傳給下一位\n\n為什麼選 CHARADY\n• 適合團體的經典額頭比手畫腳\n• 數十個主題卡組——電影、動物、食物等\n• 建立自訂卡組\n• 可離線遊玩\n• 適合派對和旅行的快速回合\n• 適合家庭的詞庫\n\n非常適合遊戲之夜和更多笑聲。一部手機。整桌朋友。純粹的比手畫腳狂歡。\n\n支援: teamo.touch@gmail.com\n\n隱私權政策:\nhttps://teamo-couple.web.app/charady-privacy.html\n\n使用條款:\nhttps://teamo-couple.web.app/charady-terms.html,文字,Charady Weekly - $150.00 | Charady Yearly - $690.00 | Charady Lifetime - $890.00
hr,Croatian,hr,,Charady: Zabava pogađanja,Pogađaj s prijateljima,"charades,heads up,pogađanje,zabava,riječi,prijatelji,obitelj,offline","Odigraj. Pogodi riječ. Smijte se zajedno.\n\nCharady je ultimativna čelna charades party igra za prijatelje i obitelj. Jedan igrač drži telefon na čelu, ostali daju nagovještaje, a ti naginješ za točno ili dalje. Jednostavna pravila. Puno špilova. Party energija odmah.\n\nKAKO IGRATI\n1. Odaberi špil koji odgovara raspoloženju\n2. Drži telefon na čelu da prijatelji vide riječ\n3. Prijatelji glume ili opisuju — bez izgovaranja riječi\n4. Nagni dolje za točno, gore za preskočiti\n5. Pobijedi sat i predaj telefon\n\nZAŠTO CHARADY\n• Klasične charades za grupe\n• Deseci tematskih špilova\n• Izradi vlastite špilove\n• Igraj offline\n• Brze runde za party i putovanja\n• Obiteljski paketi riječi\n\nSavršeno za večer igara i više smijeha. Jedan telefon. Cijela ekipa. Čisti charades kaos.\n\nSupport: teamo.touch@gmail.com\n\nPravila privatnosti:\nhttps://teamo-couple.web.app/charady-privacy.html\n\nUvjeti korištenja:\nhttps://teamo-couple.web.app/charady-terms.html",Riječi,"Charady Weekly - 5,99 € | Charady Yearly - 24,99 € | Charady Lifetime - 29,99 €"
cs,Czech,cz,,Charady: Párty hádačka,Hádej se přáteli,"charades,heads up,hádání,párty,slova,přátelé,rodina,čelo,offline","Zahraj to. Hádej slovo. Smějte se spolu.\n\nCharady je ultimátní čelní charades párty hra pro přátele a rodinu. Jeden hráč drží telefon na čele, ostatní dávají nápovědy a ty naklápíš pro správně nebo dál. Jednoduchá pravidla. Spousta balíčků. Párty energie hned.\n\nJAK HRÁT\n1. Vyber balíček podle nálady\n2. Drž telefon na čele, ať přátelé vidí slovo\n3. Přátelé hrají nebo popisují — bez vyslovení slova\n4. Nakloň dolů při správně, nahoru pro přeskočení\n5. Poraz hodiny a předej telefon\n\nPROČ CHARADY\n• Klasické charades pro skupiny\n• Desítky tematických balíčků\n• Vytvoř vlastní balíčky\n• Hraj offline\n• Rychlá kola na párty a cesty\n• Rodinné balíčky slov\n\nPerfektní na herní večer a víc smíchu. Jeden telefon. Celá parta. Čistý charades chaos.\n\nSupport: teamo.touch@gmail.com\n\nOchrana soukromí:\nhttps://teamo-couple.web.app/charady-privacy.html\n\nPodmínky použití:\nhttps://teamo-couple.web.app/charady-terms.html",Slovní,"Charady Weekly - 129,00 Kč | Charady Yearly - 599,00 Kč | Charady Lifetime - 799,00 Kč"
da,Danish,dk,,Charady: Fest gæt-leg,Gæt ordet med venner,"charades,heads up,gæt,fest,ord,venner,familie,pande,offline,party","Spil det. Gæt ordet. Grin sammen.\n\nCharady er det ultimative pandespil med charades til venner og familie. Én spiller holder telefonen på panden, de andre giver hints, og du vipper for rigtigt eller videre. Simple regler. Masser af decks. Feststemning med det samme.\n\nSÅDAN SPILLER I\n1. Vælg et deck der matcher stemningen\n2. Hold telefonen på panden, så vennerne kan se ordet\n3. Vennerne spiller eller beskriver — uden at sige ordet\n4. Vip ned ved korrekt, op for at springe over\n5. Slå uret og giv telefonen videre\n\nHVORFOR CHARADY\n• Klassiske charades til grupper\n• Masser af tema-decks\n• Lav egne decks\n• Spil offline\n• Hurtige runder til fest og rejser\n• Familievenlige ordpakker\n\nPerfekt til spilleaften og flere grin. Én telefon. Hele gruppen. Ren charades-kaos.\n\nSupport: teamo.touch@gmail.com\n\nPrivatlivspolitik:\nhttps://teamo-couple.web.app/charady-privacy.html\n\nVilkår for brug:\nhttps://teamo-couple.web.app/charady-terms.html",Ord,"Charady Weekly - 39,00 kr | Charady Yearly - 199,00 kr | Charady Lifetime - 249,00 kr"
nl-NL,Dutch,nl,,Charady: Feest raadspel,Raad het woord met vrienden,"charades,heads up,raadspel,feest,woorden,vrienden,familie,voorhoofd,offline,party","Beeld het uit. Raad het woord. Lach samen.\n\nCharady is het ultieme voorhoofd-charades feestspel voor vrienden en familie. Eén speler houdt de telefoon tegen het voorhoofd, de rest geeft hints en jij kantelt voor goed of pas. Eenvoudige regels. Volop decks. Direct feestenergie.\n\nHOE SPEEL JE\n1. Kies een deck dat bij de sfeer past\n2. Houd de telefoon tegen je voorhoofd zodat vrienden het woord zien\n3. Vrienden beelden uit of beschrijven — zonder het woord te zeggen\n4. Kantel omlaag bij goed, omhoog om over te slaan\n5. Versla de tijd en geef de telefoon door\n\nWAAROM CHARADY\n• Klassieke charades voor groepen\n• Tientallen thema-decks — films, dieren, eten en meer\n• Maak eigen decks\n• Offline spelen\n• Snelle rondes voor feestjes en reizen\n• Gezinsvriendelijke woordpakketten\n\nPerfect voor een spelletjesavond en meer lachen. Eén telefoon. De hele groep. Pure charades-chaos.\n\nSupport: teamo.touch@gmail.com\n\nPrivacybeleid:\nhttps://teamo-couple.web.app/charady-privacy.html\n\nGebruiksvoorwaarden:\nhttps://teamo-couple.web.app/charady-terms.html",Woordspel,"Charady Weekly - € 5,99 | Charady Yearly - € 24,99 | Charady Lifetime - € 29,99"
en-AU,English (Australia),au,,Charady: Act It Out Night,Pass the phone and act,"charades,heads up,headbands,guess,word,party,friends,family,act it out,who am i,offline,decks,tilt","Act it out. Guess the word. Laugh together.\n\nCharady is the ultimate forehead charades party game for friends and family. One player holds the phone up, everyone else gives clues, and you tilt to keep the round flying. Simple rules. Endless decks. Instant party energy.\n\nHOW TO PLAY\n1. Pick a deck that matches your vibe\n2. Hold the phone to your forehead so friends can see the word\n3. Friends act, describe, or mime — no saying the word\n4. Tilt down for correct, tilt up to pass\n5. Beat the clock and pass the phone to the next player\n\nWHY CHARADY\n• Classic forehead charades made for groups\n• Dozens of themed decks — movies, animals, food, brands, and more\n• Create custom decks for inside jokes and family nights\n• Offline play — no Wi-Fi required for local games\n• Quick rounds built for parties, road trips, and icebreakers\n• Clean, family-friendly word packs\n\nPerfect for game night, house parties, travel, and any room that needs more laughs. One phone. Whole group. Pure charades chaos.\n\nSupport: teamo.touch@gmail.com\n\nPrivacy Policy:\nhttps://teamo-couple.web.app/charady-privacy.html\n\nTerms of Use:\nhttps://teamo-couple.web.app/charady-terms.html",Word,Charady Weekly - $6.99 | Charady Yearly - $29.99 | Charady Lifetime - $34.99
en-CA,English (Canada),ca,,Charady: Forehead Party,"Guess the word, party on","charades,heads up,headbands,guess,word,party,friends,family,act it out,who am i,offline,decks,tilt","Act it out. Guess the word. Laugh together.\n\nCharady is the ultimate forehead charades party game for friends and family. One player holds the phone up, everyone else gives clues, and you tilt to keep the round flying. Simple rules. Endless decks. Instant party energy.\n\nHOW TO PLAY\n1. Pick a deck that matches your vibe\n2. Hold the phone to your forehead so friends can see the word\n3. Friends act, describe, or mime — no saying the word\n4. Tilt down for correct, tilt up to pass\n5. Beat the clock and pass the phone to the next player\n\nWHY CHARADY\n• Classic forehead charades made for groups\n• Dozens of themed decks — movies, animals, food, brands, and more\n• Create custom decks for inside jokes and family nights\n• Offline play — no Wi-Fi required for local games\n• Quick rounds built for parties, road trips, and icebreakers\n• Clean, family-friendly word packs\n\nPerfect for game night, house parties, travel, and any room that needs more laughs. One phone. Whole group. Pure charades chaos.\n\nSupport: teamo.touch@gmail.com\n\nPrivacy Policy:\nhttps://teamo-couple.web.app/charady-privacy.html\n\nTerms of Use:\nhttps://teamo-couple.web.app/charady-terms.html",Word,Charady Weekly - $6.99 | Charady Yearly - $34.99 | Charady Lifetime - $39.99
en-US,English (U.S.),us,yes,Charady: Party Guess Game,Forehead charades with friends,"charades,heads up,headbands,guess,word,party,friends,family,act it out,who am i,offline,decks,tilt","Act it out. Guess the word. Laugh together.\n\nCharady is the ultimate forehead charades party game for friends and family. One player holds the phone up, everyone else gives clues, and you tilt to keep the round flying. Simple rules. Endless decks. Instant party energy.\n\nHOW TO PLAY\n1. Pick a deck that matches your vibe\n2. Hold the phone to your forehead so friends can see the word\n3. Friends act, describe, or mime — no saying the word\n4. Tilt down for correct, tilt up to pass\n5. Beat the clock and pass the phone to the next player\n\nWHY CHARADY\n• Classic forehead charades made for groups\n• Dozens of themed decks — movies, animals, food, brands, and more\n• Create custom decks for inside jokes and family nights\n• Offline play — no Wi-Fi required for local games\n• Quick rounds built for parties, road trips, and icebreakers\n• Clean, family-friendly word packs\n\nPerfect for game night, house parties, travel, and any room that needs more laughs. One phone. Whole group. Pure charades chaos.\n\nSupport: teamo.touch@gmail.com\n\nPrivacy Policy:\nhttps://teamo-couple.web.app/charady-privacy.html\n\nTerms of Use:\nhttps://teamo-couple.web.app/charady-terms.html",Word,Charady Weekly - $4.99 | Charady Yearly - $24.99 | Charady Lifetime - $29.99
fi,Finnish,fi,,Charady: Hauska arvauspeli,Arvaa sana kavereiden kanssa,"charades,heads up,arvaus,bileet,sanat,ystävät,perhe,otsa,offline,party","Näyttele. Arvaa sana. Naurakaa yhdessä.\n\nCharady on ultimate otsa-charades-bilepeli kavereille ja perheelle. Yksi pelaaja pitää puhelinta otsalla, muut antavat vihjeitä ja kallistat oikein tai ohita. Yksinkertaiset säännöt. Paljon pakkoja. Biletunnelma heti.\n\nNÄIN PELATAAN\n1. Valitse fiilikseen sopiva pakka\n2. Pidä puhelinta otsalla, jotta kaverit näkevät sanan\n3. Kaverit näyttelevät tai kuvailevat — ilman sanaa\n4. Kallista alas jos oikein, ylös ohittaaksesi\n5. Voita kello ja anna puhelin seuraavalle\n\nMIKSI CHARADY\n• Klassiset charades ryhmille\n• Kymmeniä teemapakkoja\n• Luo omia pakkoja\n• Pelaa offline\n• Nopeat kierrokset bileisiin ja matkoille\n• Perheystävälliset sanapaketit\n\nTäydellinen peli-iltaan ja lisää naurua. Yksi puhelin. Koko porukka. Puhdasta charades-kaaosta.\n\nSupport: teamo.touch@gmail.com\n\nTietosuoja:\nhttps://teamo-couple.web.app/charady-privacy.html\n\nKäyttöehdot:\nhttps://teamo-couple.web.app/charady-terms.html",Sanapelit,"Charady Weekly - 5,99 € | Charady Yearly - 24,99 € | Charady Lifetime - 29,99 €"
fr-FR,French,fr,,Charady: Soirée mimées,Mime et devine en groupe,"charades,heads up,mime,soirée,mots,amis,famille,devine,front,jeu,offline,party","Mimez. Devinez le mot. Riez ensemble.\n\nCharady est le jeu de charades ultime sur le front pour amis et famille. Un joueur tient le téléphone sur son front, les autres donnent des indices, vous inclinez pour valider ou passer. Règles simples. Des tas de paquets. Ambiance fête immédiate.\n\nCOMMENT JOUER\n1. Choisissez un paquet qui colle à l'ambiance\n2. Tenez le téléphone sur votre front pour que les amis voient le mot\n3. Les amis miment ou décrivent — sans dire le mot\n4. Inclinez vers le bas si correct, vers le haut pour passer\n5. Battez le chrono et passez le téléphone\n\nPOURQUOI CHARADY\n• Charades classiques pour groupes\n• Des dizaines de thèmes — films, animaux, nourriture et plus\n• Créez vos paquets personnalisés\n• Jouez hors ligne\n• Manches rapides pour soirées, voyages et brise-glace\n• Paquets de mots adaptés à la famille\n\nParfait pour une soirée jeux, une fête à la maison et les rires. Un téléphone. Tout le groupe. Le chaos des charades.\n\nSupport: teamo.touch@gmail.com\n\nPolitique de confidentialité:\nhttps://teamo-couple.web.app/charady-privacy.html\n\nConditions d'utilisation:\nhttps://teamo-couple.web.app/charady-terms.html",Mots,"Charady Weekly - 5,99 € | Charady Yearly - 24,99 € | Charady Lifetime - 29,99 €"
fr-CA,French (Canada),ca,,Charady: Charades en fête,"Téléphone au front, ris","charades,heads up,mime,fête,mots,amis,famille,devine,front,jeu,offline,party","Mimez. Devinez le mot. Riez ensemble.\n\nCharady est le jeu de charades ultime sur le front pour amis et famille. Un joueur tient le téléphone sur son front, les autres donnent des indices, vous inclinez pour valider ou passer. Règles simples. Plein de paquets. Ambiance fête instantanée.\n\nCOMMENT JOUER\n1. Choisissez un paquet selon l'ambiance\n2. Tenez le téléphone sur votre front pour que les amis voient le mot\n3. Les amis miment ou décrivent — sans dire le mot\n4. Inclinez vers le bas si correct, vers le haut pour passer\n5. Battez le chrono et passez le téléphone\n\nPOURQUOI CHARADY\n• Charades classiques pour groupes\n• Des dizaines de thèmes — films, animaux, nourriture et plus\n• Créez vos paquets perso\n• Jouez hors ligne\n• Manches rapides pour fêtes, voyages et brise-glace\n• Paquets de mots familiaux\n\nParfait pour une soirée jeux et plus de rires. Un téléphone. Tout le groupe. Chaos de charades.\n\nSupport: teamo.touch@gmail.com\n\nPolitique de confidentialité:\nhttps://teamo-couple.web.app/charady-privacy.html\n\nConditions d'utilisation:\nhttps://teamo-couple.web.app/charady-terms.html",Mots,Charady Weekly - $6.99 | Charady Yearly - $34.99 | Charady Lifetime - $39.99
de-DE,German,de,,Charady: Party Ratespiel,Stirnspiel mit Freunden,"charades,heads up,headbands,partyspiel,raten,wort,freunde,familie,stirn,pantomime,offline,decks","Spiele es vor. Rate das Wort. Lacht zusammen.\n\nCharady ist das ultimative Stirn-Charades-Partyspiel für Freunde und Familie. Ein Spieler hält das Handy an die Stirn, alle anderen geben Hinweise, du kippst für richtig oder weiter. Einfache Regeln. Viele Decks. Sofortige Partystimmung.\n\nSO SPIELT IHR\n1. Wählt ein Deck, das zu euch passt\n2. Haltet das Handy an die Stirn, damit Freunde das Wort sehen\n3. Freunde spielen vor oder beschreiben — ohne das Wort zu sagen\n4. Nach unten kippen für richtig, nach oben zum Überspringen\n5. Schlagt die Uhr und gebt das Handy weiter\n\nWARUM CHARADY\n• Klassisches Stirnspiel für Gruppen\n• Viele Themen-Decks — Filme, Tiere, Essen und mehr\n• Eigene Decks für Insider-Witze\n• Offline spielen\n• Schnelle Runden für Party, Reise und Eisbrecher\n• Familienfreundliche Wortpacks\n\nPerfekt für Spieleabend, Hausparty und unterwegs. Ein Handy. Die ganze Gruppe. Reines Charades-Chaos.\n\nSupport: teamo.touch@gmail.com\n\nDatenschutz:\nhttps://teamo-couple.web.app/charady-privacy.html\n\nNutzungsbedingungen:\nhttps://teamo-couple.web.app/charady-terms.html",Wortspiele,"Charady Weekly - 5,99 € | Charady Yearly - 24,99 € | Charady Lifetime - 29,99 €"
el,Greek,gr,,Charady: Πάρτι μίμησης,Μάντεψε με φίλους,"charades,heads up,μίμηση,πάρτι,λέξεις,φίλοι,οικογένεια,offline","Παίκτε το. Μαντέψτε τη λέξη. Γελάστε μαζί.\n\nΤο Charady είναι το απόλυτο παιχνίδι charades στο μέτωπο για φίλους και οικογένεια. Ένας παίκτης κρατά το τηλέφωνο στο μέτωπο, οι άλλοι δίνουν στοιχεία και εσύ γέρνεις για σωστό ή παράλειψη. Απλοί κανόνες. Πολλές τράπουλες. Ενέργεια πάρτι αμέσως.\n\nΠΩΣ ΠΑΙΖΕΤΕ\n1. Διαλέξτε τράπουλα που ταιριάζει στη διάθεση\n2. Κρατήστε το τηλέφωνο στο μέτωπο για να βλέπουν τη λέξη\n3. Οι φίλοι παίζουν ή περιγράφουν — χωρίς να πουν τη λέξη\n4. Γείρετε κάτω αν σωστό, πάνω για παράλειψη\n5. Κερδίστε το ρολόι και δώστε το τηλέφωνο\n\nΓΙΑΤΙ CHARADY\n• Κλασικά charades για παρέες\n• Δεκάδες θεματικές τράπουλες\n• Φτιάξτε δικές σας\n• Παίξτε offline\n• Γρήγοροι γύροι για πάρτι και ταξίδια\n• Οικογενειακά πακέτα λέξεων\n\nΙδανικό για βραδιά παιχνιδιών και περισσότερο γέλιο. Ένα τηλέφωνο. Όλη η παρέα. Καθαρό χάος charades.\n\nSupport: teamo.touch@gmail.com\n\nΠολιτική απορρήτου:\nhttps://teamo-couple.web.app/charady-privacy.html\n\nΌροι χρήσης:\nhttps://teamo-couple.web.app/charady-terms.html",Λέξεις,"Charady Weekly - 5,99 € | Charady Yearly - 24,99 € | Charady Lifetime - 29,99 €"
gu-IN,Gujarati,in,,Charady: Act & Guess,Guess the word with friends,"charades,heads up,headbands,guess,word,party,friends,family,act it out,forehead,offline,group,fun","Act it out. Guess the word. Laugh together.\n\nCharady is the ultimate forehead charades party game for friends and family. One player holds the phone up, everyone else gives clues, and you tilt to keep the round flying. Simple rules. Endless decks. Instant party energy.\n\nHOW TO PLAY\n1. Pick a deck that matches your vibe\n2. Hold the phone to your forehead so friends can see the word\n3. Friends act, describe, or mime — no saying the word\n4. Tilt down for correct, tilt up to pass\n5. Beat the clock and pass the phone to the next player\n\nWHY CHARADY\n• Classic forehead charades made for groups\n• Dozens of themed decks — movies, animals, food, brands, and more\n• Create custom decks for inside jokes and family nights\n• Offline play — no Wi-Fi required for local games\n• Quick rounds built for parties, road trips, and icebreakers\n• Clean, family-friendly word packs\n\nPerfect for game night, house parties, travel, and any room that needs more laughs. One phone. Whole group. Pure charades chaos.\n\nSupport: teamo.touch@gmail.com\n\nPrivacy Policy:\nhttps://teamo-couple.web.app/charady-privacy.html\n\nTerms of Use:\nhttps://teamo-couple.web.app/charady-terms.html",Word,"Charady Weekly - ₹ 399 | Charady Yearly - ₹ 1,999 | Charady Lifetime - ₹ 2,499"
he,Hebrew,il,,Charady: משחק ניחושים,נחש עם חברים,"charades,heads up,ניחושים,מסיבה,מילים,חברים,משפחה,offline","שחקו את זה. נחשו את המילה. צחקו יחד.\n\nCharady הוא משחק ה-charades האולטימטיבי על המצח לחברים ומשפחה. שחקן אחד מחזיק את הטלפון על המצח, האחרים נותנים רמזים, ואתם מטים לנכון או לדילוג. חוקים פשוטים. המון חפיסות. אנרגיית מסיבה מיד.\n\nאיך משחקים\n1. בחרו חפיסה שמתאימה לאווירה\n2. החזיקו את הטלפון על המצח כדי שהחברים יראו את המילה\n3. החברים מציגים או מתארים — בלי לומר את המילה\n4. הטו למטה אם נכון, למעלה כדי לדלג\n5. נצחו את השעון והעבירו את הטלפון\n\nלמה CHARADY\n• Charades קלאסי לקבוצות\n• עשרות חפיסות נושא\n• צרו חפיסות מותאמות\n• שחקו אופליין\n• סיבובים מהירים למסיבות ונסיעות\n• חבילות מילים משפחתיות\n\nמושלם לליל משחקים ועוד צחוקים. טלפון אחד. כל הקבוצה. כאוס charades טהור.\n\nSupport: teamo.touch@gmail.com\n\nמדיניות פרטיות:\nhttps://teamo-couple.web.app/charady-privacy.html\n\nתנאי שימוש:\nhttps://teamo-couple.web.app/charady-terms.html",משחקי מילים,Charady Weekly - ‏19.90 ‏₪ | Charady Yearly - ‏79.90 ‏₪ | Charady Lifetime - ‏99.90 ‏₪
hi,Hindi,in,,Charady: Word Guess Night,दोस्तों के साथ अनुमान लगाओ,"charades,heads up,headbands,guess,word,party,दोस्त,परिवार,अनुमान,offline,forehead,act","अभिनय करो. शब्द का अनुमान लगाओ. साथ में हंसो.\n\nCharady दोस्तों और परिवार के लिए अल्टीमेट फॉरहेड charades पार्टी गेम है। एक खिलाड़ी फोन माथे पर रखता है, बाकी संकेत देते हैं, और आप झुकाकर राउंड आगे बढ़ाते हैं। आसान नियम। ढेर सारे डेक। तुरंत पार्टी मज़ा।\n\nकैसे खेलें\n1. अपनी मूड के हिसाब से डेक चुनें\n2. फोन माथे पर रखें ताकि दोस्त शब्द देख सकें\n3. दोस्त अभिनय या इशारे करें — शब्द न बोलें\n4. सही पर नीचे झुकाएं, पास के लिए ऊपर\n5. घड़ी से पहले अनुमान लगाएं और फोन आगे दें\n\nCharady क्यों\n• ग्रुप के लिए क्लासिक forehead charades\n• कई थीम वाले डेक — फिल्में, जानवर, खाना और अधिक\n• कस्टम डेक बनाएं\n• ऑफलाइन खेलें\n• पार्टी, यात्रा और आइसब्रेकर के लिए तेज़ राउंड\n• परिवार के अनुकूल शब्द पैक\n\nगेम नाइट, पार्टी और हंसी के लिए एकदम सही। एक फोन। पूरा ग्रुप। शुद्ध charades मस्ती।\n\nSupport: teamo.touch@gmail.com\n\nPrivacy Policy:\nhttps://teamo-couple.web.app/charady-privacy.html\n\nTerms of Use:\nhttps://teamo-couple.web.app/charady-terms.html",शब्द,"Charady Weekly - ₹ 399 | Charady Yearly - ₹ 1,999 | Charady Lifetime - ₹ 2,499"
hu,Hungarian,hu,,Charady: Parti kitalálós,Találd ki barátokkal,"charades,heads up,kitalálós,parti,szavak,barátok,család,offline","Játsszátok el. Találjátok ki a szót. Nevessetek együtt.\n\nA Charady a végső homlok-charades parti játék barátoknak és családnak. Egy játékos a homlokára teszi a telefont, a többiek tippeket adnak, te pedig döntöd a helyeset vagy a továbblépést. Egyszerű szabályok. Rengeteg pakli. Azonnali parti hangulat.\n\nHOGYAN JÁTSZATOK\n1. Válasszatok hangulathoz illő paklit\n2. Tegyetek a telefont a homlokra, hogy a barátok lássák a szót\n3. A barátok eljátsszák vagy leírják — a szó kimondása nélkül\n4. Döntsétek lefelé ha helyes, felfelé a kihagyáshoz\n5. Győzzétek le az órát és adjátok tovább a telefont\n\nMIÉRT CHARADY\n• Klasszikus charades csoportoknak\n• Tucatnyi témájú pakli\n• Készítsetek saját paklit\n• Offline játék\n• Gyors körök partira és utazásra\n• Családbarát szócsomagok\n\nTökéletes játékesthez és több nevetéshez. Egy telefon. Az egész csapat. Tiszta charades káosz.\n\nSupport: teamo.touch@gmail.com\n\nAdatvédelem:\nhttps://teamo-couple.web.app/charady-privacy.html\n\nFelhasználási feltételek:\nhttps://teamo-couple.web.app/charady-terms.html",Szójáték,Charady Weekly - 1 990 Ft | Charady Yearly - 9 990 Ft | Charady Lifetime - 12 990 Ft
id,Indonesian,id,,Charady: Tebak kata pesta,Tebak kata bareng teman,"charades,heads up,tebak kata,pesta,teman,keluarga,offline,party","Peragakan. Tebak katanya. Tertawa bersama.\n\nCharady adalah game charades dahi terbaik untuk teman dan keluarga. Satu pemain menempelkan ponsel di dahi, yang lain memberi petunjuk, kamu miringkan untuk benar atau lewati. Aturan sederhana. Banyak dek. Energi pesta langsung.\n\nCARA BERMAIN\n1. Pilih dek yang cocok suasana\n2. Tempel ponsel di dahi agar teman melihat kata\n3. Teman berakting atau mendeskripsikan — tanpa mengucapkan kata\n4. Miringkan ke bawah jika benar, ke atas untuk lewati\n5. Kalahkan timer dan oper ponsel\n\nMENGAPA CHARADY\n• Charades klasik untuk grup\n• Puluhan dek bertema\n• Buat dek kustom\n• Main offline\n• Ronde cepat untuk pesta dan perjalanan\n• Paket kata ramah keluarga\n\nSempurna untuk malam game dan lebih banyak tawa. Satu ponsel. Seluruh grup. Kekacauan charades murni.\n\nSupport: teamo.touch@gmail.com\n\nKebijakan Privasi:\nhttps://teamo-couple.web.app/charady-privacy.html\n\nKetentuan Penggunaan:\nhttps://teamo-couple.web.app/charady-terms.html",Kata,Charady Weekly - Rp 79ribu | Charady Yearly - Rp 349ribu | Charady Lifetime - Rp 449ribu
it,Italian,it,,Charady: Festa di mimica,Mimica con gli amici,"charades,heads up,mimica,festa,parole,amici,famiglia,indovina,fronte,giochi,offline","Recita. Indovina la parola. Ridete insieme.\n\nCharady è il gioco definitivo di mimica sulla fronte per amici e famiglia. Un giocatore tiene il telefono sulla fronte, gli altri danno indizi e tu inclini per giusto o passa. Regole semplici. Tantissimi mazzi. Energia da festa subito.\n\nCOME SI GIOCA\n1. Scegli un mazzo adatto al mood\n2. Tieni il telefono sulla fronte così gli amici vedono la parola\n3. Gli amici mimano o descrivono — senza dire la parola\n4. Inclina in basso se corretto, in alto per passare\n5. Batti il timer e passa il telefono\n\nPERCHÉ CHARADY\n• Mimica classica per gruppi\n• Decine di mazzi a tema — film, animali, cibo e altro\n• Crea mazzi personalizzati\n• Gioca offline\n• Round veloci per feste e viaggi\n• Pacchetti adatti alle famiglie\n\nPerfetto per serate di giochi e più risate. Un telefono. Tutto il gruppo. Caos di charades.\n\nSupporto: teamo.touch@gmail.com\n\nInformativa sulla privacy:\nhttps://teamo-couple.web.app/charady-privacy.html\n\nTermini di utilizzo:\nhttps://teamo-couple.web.app/charady-terms.html",Giochi di parole,"Charady Weekly - 5,99 € | Charady Yearly - 24,99 € | Charady Lifetime - 29,99 €"
ja,Japanese,jp,,Charady: ジェスチャー大会,友達とジェスチャー,"charades,heads up,ジェスチャー,パーティー,単語,友達,家族,オフライン,頭",演技して。言葉を当てて。みんなで笑おう。\n\nCharadyは友達や家族向けの究極の額チャレードパーティーゲームです。一人がスマホを額に当て、他の人がヒントを出し、正解やパスは傾けるだけ。シンプルなルール。豊富なデッキ。すぐに盛り上がるパーティー。\n\n遊び方\n1. 気分に合うデッキを選ぶ\n2. スマホを額に当てて、友達が言葉を見られるようにする\n3. 友達は演技や説明をする — 言葉は言わない\n4. 正解なら下に、パスなら上に傾ける\n5. 制限時間に勝ち、次の人へ渡す\n\nCHARADYの魅力\n• グループ向けクラシックな額チャレード\n• 映画、動物、食べ物など多数のテーマデッキ\n• カスタムデッキを作成\n• オフラインプレイ\n• パーティーや旅行向けの短いラウンド\n• ファミリー向けワードパック\n\nゲームナイトやもっと笑いたいときにぴったり。スマホ1台。みんなで。純粋なチャレードのカオス。\n\nサポート: teamo.touch@gmail.com\n\nプライバシーポリシー:\nhttps://teamo-couple.web.app/charady-privacy.html\n\n利用規約:\nhttps://teamo-couple.web.app/charady-terms.html,単語,"Charady Weekly - ¥800 | Charady Yearly - ¥3,500 | Charady Lifetime - ¥4,500"
kn-IN,Kannada,in,,Charady: Word Party Fun,Act it out with friends,"charades,heads up,headbands,guess,word,party,friends,family,act it out,forehead,offline,group,fun","Act it out. Guess the word. Laugh together.\n\nCharady is the ultimate forehead charades party game for friends and family. One player holds the phone up, everyone else gives clues, and you tilt to keep the round flying. Simple rules. Endless decks. Instant party energy.\n\nHOW TO PLAY\n1. Pick a deck that matches your vibe\n2. Hold the phone to your forehead so friends can see the word\n3. Friends act, describe, or mime — no saying the word\n4. Tilt down for correct, tilt up to pass\n5. Beat the clock and pass the phone to the next player\n\nWHY CHARADY\n• Classic forehead charades made for groups\n• Dozens of themed decks — movies, animals, food, brands, and more\n• Create custom decks for inside jokes and family nights\n• Offline play — no Wi-Fi required for local games\n• Quick rounds built for parties, road trips, and icebreakers\n• Clean, family-friendly word packs\n\nPerfect for game night, house parties, travel, and any room that needs more laughs. One phone. Whole group. Pure charades chaos.\n\nSupport: teamo.touch@gmail.com\n\nPrivacy Policy:\nhttps://teamo-couple.web.app/charady-privacy.html\n\nTerms of Use:\nhttps://teamo-couple.web.app/charady-terms.html",Word,"Charady Weekly - ₹ 399 | Charady Yearly - ₹ 1,999 | Charady Lifetime - ₹ 2,499"
ko,Korean,kr,,Charady: 몸짓 맞히기,친구와 함께 맞춰봐,"charades,heads up,몸짓,파티,단어,친구,가족,오프라인,이마","몸짓으로 표현하세요. 단어를 맞히세요. 함께 웃으세요.\n\nCharady는 친구와 가족을 위한 궁극의 이마 차레이드 파티 게임입니다. 한 명이 휴대폰을 이마에 대고, 나머지는 힌트를 주며, 기울여 정답 또는 패스합니다. 간단한 규칙. 다양한 덱. 바로 파티 분위기.\n\n플레이 방법\n1. 분위기에 맞는 덱을 고르세요\n2. 휴대폰을 이마에 대어 친구가 단어를 보게 하세요\n3. 친구는 몸짓이나 설명으로 — 단어는 말하지 마세요\n4. 맞으면 아래로, 패스는 위로 기울이세요\n5. 시간을 이기고 다음 사람에게 넘기세요\n\n왜 CHARADY인가\n• 그룹을 위한 클래식 이마 차레이드\n• 영화, 동물, 음식 등 다양한 테마 덱\n• 커스텀 덱 만들기\n• 오프라인 플레이\n• 파티와 여행을 위한 빠른 라운드\n• 가족 친화 단어 팩\n\n게임 나이트와 더 많은 웃음에 완벽합니다. 휴대폰 하나. 전체 그룹. 순수한 차레이드 카오스.\n\n지원: teamo.touch@gmail.com\n\n개인정보 처리방침:\nhttps://teamo-couple.web.app/charady-privacy.html\n\n이용 약관:\nhttps://teamo-couple.web.app/charady-terms.html",단어,"Charady Weekly - ￦6,600 | Charady Yearly - ￦29,000 | Charady Lifetime - ￦39,000"
ms,Malay,my,,Charady: Teka kata parti,Teka kata dengan kawan,"charades,heads up,teka kata,parti,kawan,keluarga,offline","Lakonkannya. Teka perkataan. Ketawa bersama.\n\nCharady ialah permainan charades dahi terbaik untuk rakan dan keluarga. Seorang pemain letak telefon di dahi, yang lain beri petunjuk, anda condong untuk betul atau langkau. Peraturan mudah. Banyak dek. Tenaga parti serta-merta.\n\nCARA BERMAIN\n1. Pilih dek yang sesuai suasana\n2. Letak telefon di dahi supaya rakan nampak perkataan\n3. Rakan lakon atau terangkan — tanpa sebut perkataan\n4. Condong ke bawah jika betul, ke atas untuk langkau\n5. Kalahkan masa dan serahkan telefon\n\nMENGAPA CHARADY\n• Charades klasik untuk kumpulan\n• Puluhan dek bertema\n• Cipta dek tersuai\n• Main luar talian\n• Pusingan pantas untuk parti dan perjalanan\n• Pek perkataan mesra keluarga\n\nSempurna untuk malam permainan dan lebih ketawa. Satu telefon. Seluruh kumpulan. Kekacauan charades tulen.\n\nSupport: teamo.touch@gmail.com\n\nDasar Privasi:\nhttps://teamo-couple.web.app/charady-privacy.html\n\nSyarat Penggunaan:\nhttps://teamo-couple.web.app/charady-terms.html",Kata,Charady Weekly - RM14.90 | Charady Yearly - RM69.90 | Charady Lifetime - RM89.90
ml-IN,Malayalam,in,,Charady: Forehead Guess,"Tilt, guess, laugh louder","charades,heads up,headbands,guess,word,party,friends,family,act it out,forehead,offline,group,fun","Act it out. Guess the word. Laugh together.\n\nCharady is the ultimate forehead charades party game for friends and family. One player holds the phone up, everyone else gives clues, and you tilt to keep the round flying. Simple rules. Endless decks. Instant party energy.\n\nHOW TO PLAY\n1. Pick a deck that matches your vibe\n2. Hold the phone to your forehead so friends can see the word\n3. Friends act, describe, or mime — no saying the word\n4. Tilt down for correct, tilt up to pass\n5. Beat the clock and pass the phone to the next player\n\nWHY CHARADY\n• Classic forehead charades made for groups\n• Dozens of themed decks — movies, animals, food, brands, and more\n• Create custom decks for inside jokes and family nights\n• Offline play — no Wi-Fi required for local games\n• Quick rounds built for parties, road trips, and icebreakers\n• Clean, family-friendly word packs\n\nPerfect for game night, house parties, travel, and any room that needs more laughs. One phone. Whole group. Pure charades chaos.\n\nSupport: teamo.touch@gmail.com\n\nPrivacy Policy:\nhttps://teamo-couple.web.app/charady-privacy.html\n\nTerms of Use:\nhttps://teamo-couple.web.app/charady-terms.html",Word,"Charady Weekly - ₹ 399 | Charady Yearly - ₹ 1,999 | Charady Lifetime - ₹ 2,499"
mr-IN,Marathi,in,,Charady: Friends Charades,Party charades for groups,"charades,heads up,headbands,guess,word,party,friends,family,act it out,forehead,offline,group,fun","Act it out. Guess the word. Laugh together.\n\nCharady is the ultimate forehead charades party game for friends and family. One player holds the phone up, everyone else gives clues, and you tilt to keep the round flying. Simple rules. Endless decks. Instant party energy.\n\nHOW TO PLAY\n1. Pick a deck that matches your vibe\n2. Hold the phone to your forehead so friends can see the word\n3. Friends act, describe, or mime — no saying the word\n4. Tilt down for correct, tilt up to pass\n5. Beat the clock and pass the phone to the next player\n\nWHY CHARADY\n• Classic forehead charades made for groups\n• Dozens of themed decks — movies, animals, food, brands, and more\n• Create custom decks for inside jokes and family nights\n• Offline play — no Wi-Fi required for local games\n• Quick rounds built for parties, road trips, and icebreakers\n• Clean, family-friendly word packs\n\nPerfect for game night, house parties, travel, and any room that needs more laughs. One phone. Whole group. Pure charades chaos.\n\nSupport: teamo.touch@gmail.com\n\nPrivacy Policy:\nhttps://teamo-couple.web.app/charady-privacy.html\n\nTerms of Use:\nhttps://teamo-couple.web.app/charady-terms.html",Word,"Charady Weekly - ₹ 399 | Charady Yearly - ₹ 1,999 | Charady Lifetime - ₹ 2,499"
no,Norwegian,no,,Charady: Fest gjettespill,Gjett ordet med venner,"charades,heads up,gjett,fest,ord,venner,familie,panne,offline,party","Spill det ut. Gjett ordet. Ler sammen.\n\nCharady er det ultimate panne-charades-festspillet for venner og familie. Én spiller holder telefonen på pannen, de andre gir hint, og du vipper for riktig eller videre. Enkle regler. Masse decks. Feststemning med en gang.\n\nSLIK SPILLER DERE\n1. Velg en kortstokk som passer stemningen\n2. Hold telefonen på pannen så vennene ser ordet\n3. Vennene spiller eller beskriver — uten å si ordet\n4. Vip ned ved riktig, opp for å hoppe over\n5. Slå klokka og gi telefonen videre\n\nHVORFOR CHARADY\n• Klassiske charades for grupper\n• Masse temadekker\n• Lag egne decks\n• Spill offline\n• Raske runder til fest og reiser\n• Familievennlige ordpakker\n\nPerfekt for spillkveld og mer latter. Én telefon. Hele gruppa. Ren charades-kaos.\n\nSupport: teamo.touch@gmail.com\n\nPersonvern:\nhttps://teamo-couple.web.app/charady-privacy.html\n\nBruksvilkår:\nhttps://teamo-couple.web.app/charady-terms.html",Word,"Charady Weekly - 59,00 kr | Charady Yearly - 249,00 kr | Charady Lifetime - 299,00 kr"
or-IN,Odia,in,,Charady: Group Guess Night,Pass the phone and guess,"charades,heads up,headbands,guess,word,party,friends,family,act it out,forehead,offline,group,fun","Act it out. Guess the word. Laugh together.\n\nCharady is the ultimate forehead charades party game for friends and family. One player holds the phone up, everyone else gives clues, and you tilt to keep the round flying. Simple rules. Endless decks. Instant party energy.\n\nHOW TO PLAY\n1. Pick a deck that matches your vibe\n2. Hold the phone to your forehead so friends can see the word\n3. Friends act, describe, or mime — no saying the word\n4. Tilt down for correct, tilt up to pass\n5. Beat the clock and pass the phone to the next player\n\nWHY CHARADY\n• Classic forehead charades made for groups\n• Dozens of themed decks — movies, animals, food, brands, and more\n• Create custom decks for inside jokes and family nights\n• Offline play — no Wi-Fi required for local games\n• Quick rounds built for parties, road trips, and icebreakers\n• Clean, family-friendly word packs\n\nPerfect for game night, house parties, travel, and any room that needs more laughs. One phone. Whole group. Pure charades chaos.\n\nSupport: teamo.touch@gmail.com\n\nPrivacy Policy:\nhttps://teamo-couple.web.app/charady-privacy.html\n\nTerms of Use:\nhttps://teamo-couple.web.app/charady-terms.html",Word,"Charady Weekly - ₹ 399 | Charady Yearly - ₹ 1,999 | Charady Lifetime - ₹ 2,499"
pl,Polish,pl,,Charady: Imprezowe zgadywanki,Zgaduj ze znajomymi,"charades,heads up,zgadywanki,impreza,słowa,znajomi,rodzina,czoło,offline","Odegraj. Zgadnij słowo. Śmiejcie się razem.\n\nCharady to ostateczna imprezowa gra charades na czole dla znajomych i rodziny. Jeden gracz trzyma telefon na czole, reszta daje wskazówki, a Ty przechylasz na dobrze lub dalej. Proste zasady. Mnóstwo talii. Energia imprezy od razu.\n\nJAK GRAĆ\n1. Wybierz talię pasującą do klimatu\n2. Przyłóż telefon do czoła, żeby znajomi widzieli słowo\n3. Znajomi odgrywają lub opisują — bez mówienia słowa\n4. Przechyl w dół przy trafieniu, w górę by pominąć\n5. Pokonaj czas i podaj telefon dalej\n\nDLACZEGO CHARADY\n• Klasyczne charades dla grup\n• Dziesiątki talii tematycznych\n• Twórz własne talie\n• Graj offline\n• Szybkie rundy na imprezę i podróż\n• Rodzinne pakiety słów\n\nIdealne na wieczór gier i więcej śmiechu. Jeden telefon. Cała ekipa. Czysty chaos charades.\n\nSupport: teamo.touch@gmail.com\n\nPolityka prywatności:\nhttps://teamo-couple.web.app/charady-privacy.html\n\nWarunki korzystania:\nhttps://teamo-couple.web.app/charady-terms.html",Słowne,"Charady Weekly - 19,99 zł | Charady Yearly - 99,99 zł | Charady Lifetime - 129,99 zł"
pt-BR,Portuguese (Brazil),br,,Charady: Noite de mímica,Mímica com os amigos,"charades,heads up,mímica,festa,palavras,amigos,família,adivinhe,testa,offline","Encene. Adivinhe a palavra. Riam juntos.\n\nCharady é o jogo definitivo de mímica na testa para amigos e família. Um jogador segura o celular na testa, os outros dão dicas e você inclina para acertar ou passar. Regras simples. Vários baralhos. Energia de festa na hora.\n\nCOMO JOGAR\n1. Escolha um baralho que combine com o clima\n2. Segure o celular na testa para os amigos verem a palavra\n3. Os amigos encenam ou descrevem — sem falar a palavra\n4. Incline para baixo se acertar, para cima para passar\n5. Vença o tempo e passe o celular\n\nPOR QUE CHARADY\n• Mímica clássica para grupos\n• Dezenas de baralhos temáticos — filmes, animais, comida e mais\n• Crie baralhos personalizados\n• Jogue offline\n• Rodadas rápidas para festas e viagens\n• Pacotes familiares\n\nPerfeito para noites de jogos e mais risadas. Um celular. Todo o grupo. Caos de charades.\n\nSuporte: teamo.touch@gmail.com\n\nPolítica de Privacidade:\nhttps://teamo-couple.web.app/charady-privacy.html\n\nTermos de Uso:\nhttps://teamo-couple.web.app/charady-terms.html",Palavras,"Charady Weekly - R$ 29,90 | Charady Yearly - R$ 119,90 | Charady Lifetime - R$ 149,90"
pt-PT,Portuguese (Portugal),pt,,Charady: Festa de charadas,Charadas com amigos,"charades,heads up,charadas,festa,palavras,amigos,família,adivinha,offline","Encena. Adivinha a palavra. Riam juntos.\n\nCharady é o jogo definitivo de charadas na testa para amigos e família. Um jogador segura o telemóvel na testa, os outros dão pistas e tu inclinas para acertar ou passar. Regras simples. Muitos baralhos. Energia de festa na hora.\n\nCOMO JOGAR\n1. Escolhe um baralho à medida do ambiente\n2. Segura o telemóvel na testa para os amigos verem a palavra\n3. Os amigos encenam ou descrevem — sem dizer a palavra\n4. Inclina para baixo se acertares, para cima para passar\n5. Ganha ao tempo e passa o telemóvel\n\nPORQUÊ CHARADY\n• Charadas clássicas para grupos\n• Dezenas de baralhos temáticos\n• Cria baralhos personalizados\n• Joga offline\n• Rondas rápidas para festas e viagens\n• Pacotes familiares\n\nPerfeito para noites de jogos e mais gargalhadas. Um telemóvel. Todo o grupo. Caos de charades.\n\nSuporte: teamo.touch@gmail.com\n\nPolítica de Privacidade:\nhttps://teamo-couple.web.app/charady-privacy.html\n\nTermos de Utilização:\nhttps://teamo-couple.web.app/charady-terms.html",Palavras,"Charady Weekly - 5,99 € | Charady Yearly - 24,99 € | Charady Lifetime - 29,99 €"
pa-IN,Punjabi,in,,Charady: Tilt & Guess,Family party word game,"charades,heads up,headbands,guess,word,party,friends,family,act it out,forehead,offline,group,fun","Act it out. Guess the word. Laugh together.\n\nCharady is the ultimate forehead charades party game for friends and family. One player holds the phone up, everyone else gives clues, and you tilt to keep the round flying. Simple rules. Endless decks. Instant party energy.\n\nHOW TO PLAY\n1. Pick a deck that matches your vibe\n2. Hold the phone to your forehead so friends can see the word\n3. Friends act, describe, or mime — no saying the word\n4. Tilt down for correct, tilt up to pass\n5. Beat the clock and pass the phone to the next player\n\nWHY CHARADY\n• Classic forehead charades made for groups\n• Dozens of themed decks — movies, animals, food, brands, and more\n• Create custom decks for inside jokes and family nights\n• Offline play — no Wi-Fi required for local games\n• Quick rounds built for parties, road trips, and icebreakers\n• Clean, family-friendly word packs\n\nPerfect for game night, house parties, travel, and any room that needs more laughs. One phone. Whole group. Pure charades chaos.\n\nSupport: teamo.touch@gmail.com\n\nPrivacy Policy:\nhttps://teamo-couple.web.app/charady-privacy.html\n\nTerms of Use:\nhttps://teamo-couple.web.app/charady-terms.html",Word,"Charady Weekly - ₹ 399 | Charady Yearly - ₹ 1,999 | Charady Lifetime - ₹ 2,499"
ro,Romanian,ro,,Charady: Petrecere mime,Ghicește cu prietenii,"charades,heads up,mime,petrecere,cuvinte,prieteni,familie,offline","Joacă-l. Ghicește cuvântul. Râdeți împreună.\n\nCharady este jocul suprem de charades pe frunte pentru prieteni și familie. Un jucător ține telefonul pe frunte, ceilalți dau indicii, iar tu înclini pentru corect sau treci. Reguli simple. Multe pachete. Energie de petrecere imediat.\n\nCUM SE JOACĂ\n1. Alege un pachet potrivit atmosferei\n2. Ține telefonul pe frunte ca prietenii să vadă cuvântul\n3. Prietenii mimează sau descriu — fără a spune cuvântul\n4. Înclină în jos dacă e corect, în sus pentru a trece\n5. Învinge cronometrul și dă telefonul mai departe\n\nDE CE CHARADY\n• Charades clasic pentru grupuri\n• Zeci de pachete tematice\n• Creează pachete personalizate\n• Joacă offline\n• Runde rapide pentru petreceri și călătorii\n• Pachete de cuvinte pentru familie\n\nPerfect pentru seara de jocuri și mai multe râsete. Un telefon. Tot grupul. Haos pur de charades.\n\nSupport: teamo.touch@gmail.com\n\nPolitica de confidențialitate:\nhttps://teamo-couple.web.app/charady-privacy.html\n\nTermeni de utilizare:\nhttps://teamo-couple.web.app/charady-terms.html",Cuvinte,"Charady Weekly - 24,99 lei | Charady Yearly - 119,99 lei | Charady Lifetime - 149,99 lei"
ru,Russian,ru,,Charady: Угадай слово,Угадывай с друзьями,"charades,heads up,крокодил,вечеринка,слова,друзья,семья,лоб,угадай,offline","Покажи. Угадай слово. Смейтесь вместе.\n\nCharady — идеальная лобная игра в charades для друзей и семьи. Один игрок держит телефон на лбу, остальные дают подсказки, а ты наклоняешь для верно или дальше. Простые правила. Куча колод. Энергия вечеринки сразу.\n\nКАК ИГРАТЬ\n1. Выберите колоду под настроение\n2. Держите телефон на лбу, чтобы друзья видели слово\n3. Друзья показывают или описывают — не говоря слово\n4. Наклоните вниз если верно, вверх чтобы пропустить\n5. Опередите таймер и передайте телефон\n\nПОЧЕМУ CHARADY\n• Классические charades для компаний\n• Десятки тематических колод\n• Создавайте свои колоды\n• Играйте офлайн\n• Быстрые раунды для вечеринок и поездок\n• Семейные наборы слов\n\nИдеально для игровой ночи и большего смеха. Один телефон. Вся компания. Чистый хаос charades.\n\nПоддержка: teamo.touch@gmail.com\n\nПолитика конфиденциальности:\nhttps://teamo-couple.web.app/charady-privacy.html\n\nУсловия использования:\nhttps://teamo-couple.web.app/charady-terms.html",Словесные,"Charady Weekly - 399,00 ₽ | Charady Yearly - 1 990,00 ₽ | Charady Lifetime - 2 490,00 ₽"
sk,Slovak,sk,,Charady: Párty hádanie,Hádaj s priateľmi,"charades,heads up,hádanie,párty,slová,priatelia,rodina,offline","Zahraj to. Hádaj slovo. Smiejte sa spolu.\n\nCharady je ultimátna čelová charades párty hra pre priateľov a rodinu. Jeden hráč drží telefón na čele, ostatní dávajú tipy a ty naklápaš pre správne alebo ďalej. Jednoduché pravidlá. Veľa balíčkov. Párty energia hneď.\n\nAKO HRAŤ\n1. Vyber balíček podľa nálady\n2. Drž telefón na čele, aby priatelia videli slovo\n3. Priatelia hrajú alebo opisujú — bez vyslovenia slova\n4. Nakloň dole pri správne, hore pre preskočenie\n5. Poraz hodiny a podaj telefón\n\nPREČO CHARADY\n• Klasické charades pre skupiny\n• Desiatky tematických balíčkov\n• Vytvor vlastné balíčky\n• Hraj offline\n• Rýchle kolá na párty a cesty\n• Rodinné balíčky slov\n\nPerfektné na herný večer a viac smiechu. Jeden telefón. Celá partia. Čistý charades chaos.\n\nSupport: teamo.touch@gmail.com\n\nOchrana súkromia:\nhttps://teamo-couple.web.app/charady-privacy.html\n\nPodmienky používania:\nhttps://teamo-couple.web.app/charady-terms.html",Slovné,"Charady Weekly - 5,99 € | Charady Yearly - 24,99 € | Charady Lifetime - 29,99 €"
sl-SI,Slovenian,si,,Charady: Zabava ugibanja,Ugibaj s prijatelji,"charades,heads up,ugibanje,zabava,besede,prijatelji,družina,offline","Zaigraj. Ugani besedo. Smejte se skupaj.\n\nCharady je ultimativna čelna charades zabavna igra za prijatelje in družino. En igralec drži telefon na čelu, drugi dajejo namige, ti pa nagneš za pravilno ali naprej. Preprosta pravila. Veliko paketov. Zabavna energija takoj.\n\nKAKO IGRATI\n1. Izberi paket, ki ustreza vzdušju\n2. Drži telefon na čelu, da prijatelji vidijo besedo\n3. Prijatelji igrajo ali opisujejo — brez izgovora besede\n4. Nagni dol za pravilno, gor za preskok\n5. Premagaj uro in poda telefon\n\nZAKAJ CHARADY\n• Klasične charades za skupine\n• Desetine tematskih paketov\n• Ustvari lastne pakete\n• Igraj offline\n• Hitri krogi za zabave in potovanja\n• Družinski paketi besed\n\nPopolno za igralni večer in več smeha. En telefon. Celotna ekipa. Čisti charades kaos.\n\nSupport: teamo.touch@gmail.com\n\nPravilnik o zasebnosti:\nhttps://teamo-couple.web.app/charady-privacy.html\n\nPogoji uporabe:\nhttps://teamo-couple.web.app/charady-terms.html",Besede,"Charady Weekly - 5,99 € | Charady Yearly - 24,99 € | Charady Lifetime - 29,99 €"
es-MX,Spanish (Mexico),mx,,Charady: Adivina la palabra,Pon el teléfono y adivina,"charades,heads up,mímica,fiesta,palabras,amigos,familia,adivina,frente,juego,offline","Actúa. Adivina la palabra. Rían juntos.\n\nCharady es el juego definitivo de mímica en la frente para amigos y familia. Un jugador pone el teléfono en la frente, los demás dan pistas y tú inclinas para acertar o pasar. Reglas simples. Muchos mazos. Energía de fiesta al instante.\n\nCÓMO JUGAR\n1. Elige un mazo según el mood\n2. Pon el teléfono en la frente para que vean la palabra\n3. Los amigos actúan o describen — sin decir la palabra\n4. Inclina abajo si aciertas, arriba para pasar\n5. Gana al reloj y pasa el teléfono\n\nPOR QUÉ CHARADY\n• Mímica clásica para grupos\n• Decenas de mazos — películas, animales, comida y más\n• Crea mazos personalizados\n• Juega sin Wi-Fi\n• Rondas rápidas para fiestas y viajes\n• Packs familiares\n\nPerfecto para noches de juegos y más risas. Un teléfono. Todo el grupo. Caos de charades.\n\nSoporte: teamo.touch@gmail.com\n\nPolítica de privacidad:\nhttps://teamo-couple.web.app/charady-privacy.html\n\nTérminos de uso:\nhttps://teamo-couple.web.app/charady-terms.html",Palabras,Charady Weekly - $99.00 | Charady Yearly - $399.00 | Charady Lifetime - $499.00
es-ES,Spanish (Spain),es,,Charady: Fiesta de mímica,Mímica con amigos,"charades,heads up,mímica,fiesta,palabras,amigos,familia,adivina,frente,juego,offline","Actuad. Adivinad la palabra. Reíd juntos.\n\nCharady es el juego definitivo de mímica en la frente para amigos y familia. Un jugador sostiene el teléfono en la frente, los demás dan pistas y tú inclinas para acertar o pasar. Reglas simples. Montones de mazos. Energía de fiesta al instante.\n\nCÓMO JUGAR\n1. Elige un mazo según el ambiente\n2. Pon el teléfono en la frente para que vean la palabra\n3. Los amigos actúan o describen — sin decir la palabra\n4. Inclina abajo si aciertas, arriba para pasar\n5. Gana al reloj y pasa el teléfono\n\nPOR QUÉ CHARADY\n• Mímica clásica para grupos\n• Decenas de mazos temáticos — películas, animales, comida y más\n• Crea mazos personalizados\n• Juega sin conexión\n• Rondas rápidas para fiestas, viajes y rompehielos\n• Packs de palabras familiares\n\nPerfecto para noches de juegos y más risas. Un teléfono. Todo el grupo. Caos de charades.\n\nSoporte: teamo.touch@gmail.com\n\nPolítica de privacidad:\nhttps://teamo-couple.web.app/charady-privacy.html\n\nTérminos de uso:\nhttps://teamo-couple.web.app/charady-terms.html",Palabras,"Charady Weekly - 5,99 € | Charady Yearly - 24,99 € | Charady Lifetime - 29,99 €"
sv,Swedish,se,,Charady: Fest gissningsspel,Gissa ordet med vänner,"charades,heads up,gissa,fest,ord,vänner,familj,panna,offline,party","Agera ut. Gissa ordet. Skratta tillsammans.\n\nCharady är det ultimata pann-charades-festspelet för vänner och familj. En spelare håller telefonen mot pannan, de andra ger ledtrådar och du lutar för rätt eller vidare. Enkla regler. Massor av kortlekar. Feststämning direkt.\n\nSÅ SPELAR NI\n1. Välj en lek som passar stämningen\n2. Håll telefonen mot pannan så vännerna ser ordet\n3. Vännerna agerar eller beskriver — utan att säga ordet\n4. Luta ner vid rätt, upp för att hoppa över\n5. Slå klockan och skicka telefonen vidare\n\nVARFÖR CHARADY\n• Klassiska charades för grupper\n• Massor av temalekar\n• Skapa egna lekar\n• Spela offline\n• Snabba rundor för fest och resor\n• Familjevänliga ordpaket\n\nPerfekt för spelkväll och mer skratt. En telefon. Hela gruppen. Ren charades-kaos.\n\nSupport: teamo.touch@gmail.com\n\nIntegritetspolicy:\nhttps://teamo-couple.web.app/charady-privacy.html\n\nAnvändarvillkor:\nhttps://teamo-couple.web.app/charady-terms.html",Ordspel,"Charady Weekly - 59,00 kr | Charady Yearly - 249,00 kr | Charady Lifetime - 299,00 kr"
ta-IN,Tamil,in,,Charady: Party Word Fun,Forehead guess with friends,"charades,heads up,headbands,guess,word,party,friends,family,act it out,forehead,offline,group,fun","Act it out. Guess the word. Laugh together.\n\nCharady is the ultimate forehead charades party game for friends and family. One player holds the phone up, everyone else gives clues, and you tilt to keep the round flying. Simple rules. Endless decks. Instant party energy.\n\nHOW TO PLAY\n1. Pick a deck that matches your vibe\n2. Hold the phone to your forehead so friends can see the word\n3. Friends act, describe, or mime — no saying the word\n4. Tilt down for correct, tilt up to pass\n5. Beat the clock and pass the phone to the next player\n\nWHY CHARADY\n• Classic forehead charades made for groups\n• Dozens of themed decks — movies, animals, food, brands, and more\n• Create custom decks for inside jokes and family nights\n• Offline play — no Wi-Fi required for local games\n• Quick rounds built for parties, road trips, and icebreakers\n• Clean, family-friendly word packs\n\nPerfect for game night, house parties, travel, and any room that needs more laughs. One phone. Whole group. Pure charades chaos.\n\nSupport: teamo.touch@gmail.com\n\nPrivacy Policy:\nhttps://teamo-couple.web.app/charady-privacy.html\n\nTerms of Use:\nhttps://teamo-couple.web.app/charady-terms.html",Word,"Charady Weekly - ₹ 399 | Charady Yearly - ₹ 1,999 | Charady Lifetime - ₹ 2,499"
te-IN,Telugu,in,,Charady: Guess With Friends,"Act it out, then guess","charades,heads up,headbands,guess,word,party,friends,family,act it out,forehead,offline,group,fun","Act it out. Guess the word. Laugh together.\n\nCharady is the ultimate forehead charades party game for friends and family. One player holds the phone up, everyone else gives clues, and you tilt to keep the round flying. Simple rules. Endless decks. Instant party energy.\n\nHOW TO PLAY\n1. Pick a deck that matches your vibe\n2. Hold the phone to your forehead so friends can see the word\n3. Friends act, describe, or mime — no saying the word\n4. Tilt down for correct, tilt up to pass\n5. Beat the clock and pass the phone to the next player\n\nWHY CHARADY\n• Classic forehead charades made for groups\n• Dozens of themed decks — movies, animals, food, brands, and more\n• Create custom decks for inside jokes and family nights\n• Offline play — no Wi-Fi required for local games\n• Quick rounds built for parties, road trips, and icebreakers\n• Clean, family-friendly word packs\n\nPerfect for game night, house parties, travel, and any room that needs more laughs. One phone. Whole group. Pure charades chaos.\n\nSupport: teamo.touch@gmail.com\n\nPrivacy Policy:\nhttps://teamo-couple.web.app/charady-privacy.html\n\nTerms of Use:\nhttps://teamo-couple.web.app/charady-terms.html",Word,"Charady Weekly - ₹ 399 | Charady Yearly - ₹ 1,999 | Charady Lifetime - ₹ 2,499"
th,Thai,th,,Charady: ทายคำปาร์ตี้,ทายคำกับเพื่อน,"charades,heads up,ทายคำ,ปาร์ตี้,เพื่อน,ครอบครัว,offline,party",แสดงท่าทาง ทายคำ หัวเราะด้วยกัน\n\nCharady คือเกม charades ติดหน้าผากสุดมันส์สำหรับเพื่อนและครอบครัว คนหนึ่งถือโทรศัพท์ที่หน้าผาก คนอื่นให้คำใบ้ คุณเอียงเพื่อถูกหรือข้าม กติกาง่าย ๆ เด็คเพียบ พลังปาร์ตี้ทันที\n\nวิธีเล่น\n1. เลือกเด็คให้เข้ากับบรรยากาศ\n2. ถือโทรศัพท์ที่หน้าผากให้เพื่อนเห็นคำ\n3. เพื่อนแสดงหรืออธิบาย — ห้ามพูดคำนั้น\n4. เอียงลงถ้าถูก เอียงขึ้นเพื่อข้าม\n5. ชนะนาฬิกาแล้วส่งต่อโทรศัพท์\n\nทำไมต้อง CHARADY\n• Charades คลาสสิกสำหรับกลุ่ม\n• เด็คธีมมากมาย\n• สร้างเด็คเองได้\n• เล่นออฟไลน์ได้\n• รอบไวสำหรับปาร์ตี้และทริป\n• แพ็กคำที่เป็นมิตรกับครอบครัว\n\nเหมาะกับคืนเกมและความสนุกที่มากขึ้น โทรศัพท์เครื่องเดียว ทั้งกลุ่ม ความวุ่นวายแบบ charades\n\nSupport: teamo.touch@gmail.com\n\nนโยบายความเป็นส่วนตัว:\nhttps://teamo-couple.web.app/charady-privacy.html\n\nข้อกำหนดการใช้งาน:\nhttps://teamo-couple.web.app/charady-terms.html,ภาษา,Charady Weekly - ฿149.00 | Charady Yearly - ฿699.00 | Charady Lifetime - ฿899.00
tr,Turkish,tr,,Charady: Sessiz Sinema,"Anlat bakalım, tahmin et","sessiz sinema,anlat bakalım,ben kimim,tabu,kelime,parti,arkadaş,aile,heads up,charades,forehead,oyun","Anlat. Tahmin et. Birlikte gülün.\n\nCharady, arkadaşlar ve aile için nihai alına telefon charades parti oyunudur. Bir oyuncu telefonu alnına tutar, diğerleri ipucu verir; doğru için aşağı, geçmek için yukarı eğersin. Basit kurallar. Dolu dolu desteler. Anında parti enerjisi.\n\nNASIL OYNANIR\n1. Ortama uyan bir deste seç\n2. Telefonu alnına koy ki arkadaşların kelimeyi görsün\n3. Arkadaşlar anlatır, jest yapar veya sessiz sinema oynar — kelimeyi söylemeden\n4. Doğruysa aşağı, geçmek için yukarı eğ\n5. Süreyi yen ve telefonu sıradaki oyuncuya ver\n\nNEDEN CHARADY\n• Gruplar için klasik alına telefon / sessiz sinema\n• Film, hayvan, yemek, marka ve daha fazla temalı deste\n• İç şakalar için özel deste oluştur\n• Çevrimdışı oyna — yerel oyun için Wi-Fi gerekmez\n• Parti, yolculuk ve buz kırıcılar için hızlı turlar\n• Aile dostu kelime paketleri\n\nOyun gecesi, ev partisi, seyahat ve daha fazla kahkaha isteyen her ortam için ideal. Tek telefon. Tüm grup. Saf charades kaosu.\n\nDestek: teamo.touch@gmail.com\n\nGizlilik Politikası:\nhttps://teamo-couple.web.app/charady-privacy.html\n\nKullanım Koşulları:\nhttps://teamo-couple.web.app/charady-terms.html",Kelime,"Charady Weekly - ₺149,99 | Charady Yearly - ₺799,99 | Charady Lifetime - ₺999,99"
uk,Ukrainian,ua,,Charady: Вгадай слово,Вгадуй з друзями,"charades,heads up,крокодил,вечірка,слова,друзі,сім'я,угадай,offline","Покажи. Вгадай слово. Смійтеся разом.\n\nCharady — ідеальна лобна гра в charades для друзів і родини. Один гравець тримає телефон на лобі, інші дають підказки, а ти нахиляєш для правильно або далі. Прості правила. Купа колод. Енергія вечірки одразу.\n\nЯК ГРАТИ\n1. Оберіть колоду під настрій\n2. Тримайте телефон на лобі, щоб друзі бачили слово\n3. Друзі показують або описують — не кажучи слово\n4. Нахиліть вниз якщо правильно, вгору щоб пропустити\n5. Встигніть до таймера і передайте телефон\n\nЧОМУ CHARADY\n• Класичні charades для компаній\n• Десятки тематичних колод\n• Створюйте свої колоди\n• Грайте офлайн\n• Швидкі раунди для вечірок і поїздок\n• Сімейні набори слів\n\nІдеально для ігрової ночі та більше сміху. Один телефон. Вся компанія. Чистий хаос charades.\n\nПідтримка: teamo.touch@gmail.com\n\nПолітика конфіденційності:\nhttps://teamo-couple.web.app/charady-privacy.html\n\nУмови використання:\nhttps://teamo-couple.web.app/charady-terms.html",Слова,"Charady Weekly - 4,99 USD | Charady Yearly - 24,99 USD | Charady Lifetime - 29,99 USD"
ur-PK,Urdu,pk,,Charady: Party Charades,Guess words with friends,"charades,heads up,headbands,guess,word,party,friends,family,act it out,forehead,offline,group,fun","Act it out. Guess the word. Laugh together.\n\nCharady is the ultimate forehead charades party game for friends and family. One player holds the phone up, everyone else gives clues, and you tilt to keep the round flying. Simple rules. Endless decks. Instant party energy.\n\nHOW TO PLAY\n1. Pick a deck that matches your vibe\n2. Hold the phone to your forehead so friends can see the word\n3. Friends act, describe, or mime — no saying the word\n4. Tilt down for correct, tilt up to pass\n5. Beat the clock and pass the phone to the next player\n\nWHY CHARADY\n• Classic forehead charades made for groups\n• Dozens of themed decks — movies, animals, food, brands, and more\n• Create custom decks for inside jokes and family nights\n• Offline play — no Wi-Fi required for local games\n• Quick rounds built for parties, road trips, and icebreakers\n• Clean, family-friendly word packs\n\nPerfect for game night, house parties, travel, and any room that needs more laughs. One phone. Whole group. Pure charades chaos.\n\nSupport: teamo.touch@gmail.com\n\nPrivacy Policy:\nhttps://teamo-couple.web.app/charady-privacy.html\n\nTerms of Use:\nhttps://teamo-couple.web.app/charady-terms.html",Word,"Charady Weekly - Rs 1,300.00 | Charady Yearly - Rs 6,900.00 | Charady Lifetime - Rs 8,900.00"
vi,Vietnamese,vn,,Charady: Đoán từ tiệc,Đoán từ cùng bạn bè,"charades,heads up,đoán từ,tiệc,bạn bè,gia đình,offline,party","Diễn tả. Đoán từ. Cười cùng nhau.\n\nCharady là trò chơi charades trên trán tối thượng cho bạn bè và gia đình. Một người giữ điện thoại trên trán, người khác đưa gợi ý, bạn nghiêng để đúng hoặc bỏ qua. Luật đơn giản. Nhiều bộ bài. Không khí tiệc ngay.\n\nCÁCH CHƠI\n1. Chọn bộ bài hợp tâm trạng\n2. Giữ điện thoại trên trán để bạn bè thấy từ\n3. Bạn bè diễn hoặc mô tả — không nói từ đó\n4. Nghiêng xuống nếu đúng, lên để bỏ qua\n5. Thắng đồng hồ và chuyền điện thoại\n\nTẠI SAO CHARADY\n• Charades cổ điển cho nhóm\n• Hàng chục bộ bài chủ đề\n• Tạo bộ bài riêng\n• Chơi offline\n• Vòng nhanh cho tiệc và du lịch\n• Gói từ thân thiện gia đình\n\nHoàn hảo cho đêm chơi game và nhiều tiếng cười hơn. Một điện thoại. Cả nhóm. Chaos charades thuần túy.\n\nSupport: teamo.touch@gmail.com\n\nChính sách quyền riêng tư:\nhttps://teamo-couple.web.app/charady-privacy.html\n\nĐiều khoản sử dụng:\nhttps://teamo-couple.web.app/charady-terms.html",Chữ,Charady Weekly - 99.000đ | Charady Yearly - 449.000đ | Charady Lifetime - 599.000đ
